"","All_Somatic_Mutations","All_Irregular_Protein_Changes","Nonsynonymous_Somatic_Mutations","Nonsynonymous_Irregular_Protein_Changes","All_TMB","All_pTNB","NonSyn_TMB","NonSyn_pTNB"
"TCGA-A1-A0SB",19,11,16,11,0.5,0.289473684210526,0.421052631578947,0.289473684210526
"TCGA-A1-A0SD",27,18,24,18,0.710526315789474,0.473684210526316,0.631578947368421,0.473684210526316
"TCGA-A1-A0SF",38,23,32,23,1,0.605263157894737,0.842105263157895,0.605263157894737
"TCGA-A1-A0SG",31,19,26,19,0.815789473684211,0.5,0.684210526315789,0.5
"TCGA-A1-A0SI",185,103,136,103,4.86842105263158,2.71052631578947,3.57894736842105,2.71052631578947
"TCGA-A1-A0SN",49,32,38,32,1.28947368421053,0.842105263157895,1,0.842105263157895
"TCGA-A1-A0SQ",26,16,19,16,0.684210526315789,0.421052631578947,0.5,0.421052631578947
"TCGA-A2-A04N",41,27,32,27,1.07894736842105,0.710526315789474,0.842105263157895,0.710526315789474
"TCGA-A2-A04U",55,33,46,33,1.44736842105263,0.868421052631579,1.21052631578947,0.868421052631579
"TCGA-A2-A04W",105,61,81,61,2.76315789473684,1.60526315789474,2.13157894736842,1.60526315789474
"TCGA-A2-A0CK",22,9,12,9,0.578947368421053,0.236842105263158,0.315789473684211,0.236842105263158
"TCGA-A2-A0CL",20,13,16,13,0.526315789473684,0.342105263157895,0.421052631578947,0.342105263157895
"TCGA-A2-A0CO",28,16,18,16,0.736842105263158,0.421052631578947,0.473684210526316,0.421052631578947
"TCGA-A2-A0CR",109,73,91,73,2.86842105263158,1.92105263157895,2.39473684210526,1.92105263157895
"TCGA-A2-A0CS",33,19,26,19,0.868421052631579,0.5,0.684210526315789,0.5
"TCGA-A2-A0CV",22,13,19,13,0.578947368421053,0.342105263157895,0.5,0.342105263157895
"TCGA-A2-A0CW",58,37,49,37,1.52631578947368,0.973684210526316,1.28947368421053,0.973684210526316
"TCGA-A2-A0D3",26,15,19,15,0.684210526315789,0.394736842105263,0.5,0.394736842105263
"TCGA-A2-A0ES",4,2,3,2,0.105263157894737,0.0526315789473684,0.0789473684210526,0.0526315789473684
"TCGA-A2-A0EW",13,7,10,7,0.342105263157895,0.184210526315789,0.263157894736842,0.184210526315789
"TCGA-A2-A0T3",31,19,21,19,0.815789473684211,0.5,0.552631578947368,0.5
"TCGA-A2-A1FV",39,27,32,27,1.02631578947368,0.710526315789474,0.842105263157895,0.710526315789474
"TCGA-A2-A1FW",66,30,42,30,1.73684210526316,0.789473684210526,1.10526315789474,0.789473684210526
"TCGA-A2-A1FX",19,14,16,14,0.5,0.368421052631579,0.421052631578947,0.368421052631579
"TCGA-A2-A1FZ",30,17,24,17,0.789473684210526,0.447368421052632,0.631578947368421,0.447368421052632
"TCGA-A2-A1G0",21,15,19,15,0.552631578947368,0.394736842105263,0.5,0.394736842105263
"TCGA-A2-A1G1",31,14,22,14,0.815789473684211,0.368421052631579,0.578947368421053,0.368421052631579
"TCGA-A2-A1G4",36,18,26,18,0.947368421052632,0.473684210526316,0.684210526315789,0.473684210526316
"TCGA-A2-A1G6",4,4,4,4,0.105263157894737,0.105263157894737,0.105263157894737,0.105263157894737
"TCGA-A2-A259",14,10,11,10,0.368421052631579,0.263157894736842,0.289473684210526,0.263157894736842
"TCGA-A2-A25A",96,63,78,63,2.52631578947368,1.65789473684211,2.05263157894737,1.65789473684211
"TCGA-A2-A25B",81,47,59,47,2.13157894736842,1.23684210526316,1.55263157894737,1.23684210526316
"TCGA-A2-A25C",23,12,19,12,0.605263157894737,0.315789473684211,0.5,0.315789473684211
"TCGA-A2-A25D",55,31,40,31,1.44736842105263,0.815789473684211,1.05263157894737,0.815789473684211
"TCGA-A2-A25E",56,38,48,38,1.47368421052632,1,1.26315789473684,1
"TCGA-A2-A25F",6,3,3,3,0.157894736842105,0.0789473684210526,0.0789473684210526,0.0789473684210526
"TCGA-A2-A3KC",28,18,24,18,0.736842105263158,0.473684210526316,0.631578947368421,0.473684210526316
"TCGA-A2-A3KD",10,2,5,2,0.263157894736842,0.0526315789473684,0.131578947368421,0.0526315789473684
"TCGA-A2-A3XS",24,12,19,12,0.631578947368421,0.315789473684211,0.5,0.315789473684211
"TCGA-A2-A3XT",79,50,64,50,2.07894736842105,1.31578947368421,1.68421052631579,1.31578947368421
"TCGA-A2-A3XU",22,12,17,12,0.578947368421053,0.315789473684211,0.447368421052632,0.315789473684211
"TCGA-A2-A3XV",44,26,38,26,1.15789473684211,0.684210526315789,1,0.684210526315789
"TCGA-A2-A3XW",6,2,3,2,0.157894736842105,0.0526315789473684,0.0789473684210526,0.0526315789473684
"TCGA-A2-A3XX",35,16,30,16,0.921052631578947,0.421052631578947,0.789473684210526,0.421052631578947
"TCGA-A2-A3XY",46,27,35,27,1.21052631578947,0.710526315789474,0.921052631578947,0.710526315789474
"TCGA-A2-A3XZ",43,25,34,25,1.13157894736842,0.657894736842105,0.894736842105263,0.657894736842105
"TCGA-A2-A3Y0",170,99,133,99,4.47368421052632,2.60526315789474,3.5,2.60526315789474
"TCGA-A2-A4RW",108,67,86,67,2.84210526315789,1.76315789473684,2.26315789473684,1.76315789473684
"TCGA-A2-A4RX",20,10,12,10,0.526315789473684,0.263157894736842,0.315789473684211,0.263157894736842
"TCGA-A2-A4RY",14,7,10,7,0.368421052631579,0.184210526315789,0.263157894736842,0.184210526315789
"TCGA-A2-A4S0",10,4,6,4,0.263157894736842,0.105263157894737,0.157894736842105,0.105263157894737
"TCGA-A2-A4S1",65,45,59,45,1.71052631578947,1.18421052631579,1.55263157894737,1.18421052631579
"TCGA-A2-A4S2",39,22,30,22,1.02631578947368,0.578947368421053,0.789473684210526,0.578947368421053
"TCGA-A2-A4S3",72,37,50,37,1.89473684210526,0.973684210526316,1.31578947368421,0.973684210526316
"TCGA-A7-A0DA",122,69,105,69,3.21052631578947,1.81578947368421,2.76315789473684,1.81578947368421
"TCGA-A7-A0DB",87,47,66,47,2.28947368421053,1.23684210526316,1.73684210526316,1.23684210526316
"TCGA-A7-A13D",189,99,150,99,4.97368421052632,2.60526315789474,3.94736842105263,2.60526315789474
"TCGA-A7-A13E",212,114,157,114,5.57894736842105,3,4.13157894736842,3
"TCGA-A7-A13F",34,20,30,20,0.894736842105263,0.526315789473684,0.789473684210526,0.526315789473684
"TCGA-A7-A13G",26,14,16,14,0.684210526315789,0.368421052631579,0.421052631578947,0.368421052631579
"TCGA-A7-A13H",23,16,20,16,0.605263157894737,0.421052631578947,0.526315789473684,0.421052631578947
"TCGA-A7-A26F",93,65,78,65,2.44736842105263,1.71052631578947,2.05263157894737,1.71052631578947
"TCGA-A7-A26G",48,22,33,22,1.26315789473684,0.578947368421053,0.868421052631579,0.578947368421053
"TCGA-A7-A26H",99,56,74,56,2.60526315789474,1.47368421052632,1.94736842105263,1.47368421052632
"TCGA-A7-A26I",32,20,28,20,0.842105263157895,0.526315789473684,0.736842105263158,0.526315789473684
"TCGA-A7-A2KD",36,25,28,25,0.947368421052632,0.657894736842105,0.736842105263158,0.657894736842105
"TCGA-A7-A3IY",16,8,11,8,0.421052631578947,0.210526315789474,0.289473684210526,0.210526315789474
"TCGA-A7-A3IZ",90,52,61,52,2.36842105263158,1.36842105263158,1.60526315789474,1.36842105263158
"TCGA-A7-A3J0",40,16,25,16,1.05263157894737,0.421052631578947,0.657894736842105,0.421052631578947
"TCGA-A7-A3J1",23,15,17,15,0.605263157894737,0.394736842105263,0.447368421052632,0.394736842105263
"TCGA-A7-A3RF",62,30,46,30,1.63157894736842,0.789473684210526,1.21052631578947,0.789473684210526
"TCGA-A7-A425",38,18,33,18,1,0.473684210526316,0.868421052631579,0.473684210526316
"TCGA-A7-A426",35,22,27,22,0.921052631578947,0.578947368421053,0.710526315789474,0.578947368421053
"TCGA-A7-A4SA",68,36,47,36,1.78947368421053,0.947368421052632,1.23684210526316,0.947368421052632
"TCGA-A7-A4SB",35,23,31,23,0.921052631578947,0.605263157894737,0.815789473684211,0.605263157894737
"TCGA-A7-A4SD",49,26,39,26,1.28947368421053,0.684210526315789,1.02631578947368,0.684210526315789
"TCGA-A7-A4SE",93,46,77,46,2.44736842105263,1.21052631578947,2.02631578947368,1.21052631578947
"TCGA-A7-A4SF",71,40,50,40,1.86842105263158,1.05263157894737,1.31578947368421,1.05263157894737
"TCGA-A7-A56D",131,75,90,75,3.44736842105263,1.97368421052632,2.36842105263158,1.97368421052632
"TCGA-A7-A5ZV",178,100,138,100,4.68421052631579,2.63157894736842,3.63157894736842,2.63157894736842
"TCGA-A7-A5ZW",27,12,20,12,0.710526315789474,0.315789473684211,0.526315789473684,0.315789473684211
"TCGA-A7-A5ZX",26,17,24,17,0.684210526315789,0.447368421052632,0.631578947368421,0.447368421052632
"TCGA-AC-A23C",96,67,78,67,2.52631578947368,1.76315789473684,2.05263157894737,1.76315789473684
"TCGA-AC-A23E",18,12,15,12,0.473684210526316,0.315789473684211,0.394736842105263,0.315789473684211
"TCGA-AC-A23G",27,14,19,14,0.710526315789474,0.368421052631579,0.5,0.368421052631579
"TCGA-AC-A23H",4526,2794,3452,2794,119.105263157895,73.5263157894737,90.8421052631579,73.5263157894737
"TCGA-AC-A2B8",96,59,72,59,2.52631578947368,1.55263157894737,1.89473684210526,1.55263157894737
"TCGA-AC-A2BK",80,45,61,45,2.10526315789474,1.18421052631579,1.60526315789474,1.18421052631579
"TCGA-AC-A2BM",20,12,16,12,0.526315789473684,0.315789473684211,0.421052631578947,0.315789473684211
"TCGA-AC-A2FB",16,10,13,10,0.421052631578947,0.263157894736842,0.342105263157895,0.263157894736842
"TCGA-AC-A2FE",19,12,16,12,0.5,0.315789473684211,0.421052631578947,0.315789473684211
"TCGA-AC-A2FF",15,13,15,13,0.394736842105263,0.342105263157895,0.394736842105263,0.342105263157895
"TCGA-AC-A2FG",48,26,35,26,1.26315789473684,0.684210526315789,0.921052631578947,0.684210526315789
"TCGA-AC-A2FK",0,0,0,0,0,0,0,0
"TCGA-AC-A2FO",24,15,21,15,0.631578947368421,0.394736842105263,0.552631578947368,0.394736842105263
"TCGA-AC-A2QH",81,57,69,57,2.13157894736842,1.5,1.81578947368421,1.5
"TCGA-AC-A2QI",72,42,54,42,1.89473684210526,1.10526315789474,1.42105263157895,1.10526315789474
"TCGA-AC-A2QJ",40,25,36,25,1.05263157894737,0.657894736842105,0.947368421052632,0.657894736842105
"TCGA-AC-A3BB",78,44,56,44,2.05263157894737,1.15789473684211,1.47368421052632,1.15789473684211
"TCGA-AC-A3EH",43,21,32,21,1.13157894736842,0.552631578947368,0.842105263157895,0.552631578947368
"TCGA-AC-A3HN",18,10,13,10,0.473684210526316,0.263157894736842,0.342105263157895,0.263157894736842
"TCGA-AC-A3OD",134,95,109,95,3.52631578947368,2.5,2.86842105263158,2.5
"TCGA-AC-A3QP",30,20,24,20,0.789473684210526,0.526315789473684,0.631578947368421,0.526315789473684
"TCGA-AC-A3TM",42,27,36,27,1.10526315789474,0.710526315789474,0.947368421052632,0.710526315789474
"TCGA-AC-A3TN",89,45,65,45,2.34210526315789,1.18421052631579,1.71052631578947,1.18421052631579
"TCGA-AC-A3W5",126,72,101,72,3.31578947368421,1.89473684210526,2.65789473684211,1.89473684210526
"TCGA-AC-A3W6",184,113,142,113,4.84210526315789,2.97368421052632,3.73684210526316,2.97368421052632
"TCGA-AC-A3W7",72,43,51,43,1.89473684210526,1.13157894736842,1.34210526315789,1.13157894736842
"TCGA-AC-A3YI",14,11,12,11,0.368421052631579,0.289473684210526,0.315789473684211,0.289473684210526
"TCGA-AC-A3YJ",28,10,19,10,0.736842105263158,0.263157894736842,0.5,0.263157894736842
"TCGA-AC-A5EH",133,73,98,73,3.5,1.92105263157895,2.57894736842105,1.92105263157895
"TCGA-AC-A5XS",482,297,358,297,12.6842105263158,7.81578947368421,9.42105263157895,7.81578947368421
"TCGA-AC-A5XU",59,32,41,32,1.55263157894737,0.842105263157895,1.07894736842105,0.842105263157895
"TCGA-AC-A62X",55,30,45,30,1.44736842105263,0.789473684210526,1.18421052631579,0.789473684210526
"TCGA-AC-A62Y",64,42,51,42,1.68421052631579,1.10526315789474,1.34210526315789,1.10526315789474
"TCGA-AN-A0AT",109,55,90,55,2.86842105263158,1.44736842105263,2.36842105263158,1.44736842105263
"TCGA-AO-A03V",52,34,45,34,1.36842105263158,0.894736842105263,1.18421052631579,0.894736842105263
"TCGA-AO-A12A",15,9,11,9,0.394736842105263,0.236842105263158,0.289473684210526,0.236842105263158
"TCGA-AO-A12B",16,13,14,13,0.421052631578947,0.342105263157895,0.368421052631579,0.342105263157895
"TCGA-AO-A12D",34,21,25,21,0.894736842105263,0.552631578947368,0.657894736842105,0.552631578947368
"TCGA-AO-A12F",30,18,27,18,0.789473684210526,0.473684210526316,0.710526315789474,0.473684210526316
"TCGA-AO-A1KP",20,12,15,12,0.526315789473684,0.315789473684211,0.394736842105263,0.315789473684211
"TCGA-AO-A1KR",67,30,48,30,1.76315789473684,0.789473684210526,1.26315789473684,0.789473684210526
"TCGA-AO-A1KS",42,26,29,26,1.10526315789474,0.684210526315789,0.763157894736842,0.684210526315789
"TCGA-AO-A1KT",40,19,26,19,1.05263157894737,0.5,0.684210526315789,0.5
"TCGA-AQ-A0Y5",46,26,36,26,1.21052631578947,0.684210526315789,0.947368421052632,0.684210526315789
"TCGA-AQ-A1H2",26,18,21,18,0.684210526315789,0.473684210526316,0.552631578947368,0.473684210526316
"TCGA-AQ-A1H3",29,13,20,13,0.763157894736842,0.342105263157895,0.526315789473684,0.342105263157895
"TCGA-AQ-A54N",70,50,60,50,1.84210526315789,1.31578947368421,1.57894736842105,1.31578947368421
"TCGA-AR-A0TS",40,25,31,25,1.05263157894737,0.657894736842105,0.815789473684211,0.657894736842105
"TCGA-AR-A0TY",107,89,98,89,2.81578947368421,2.34210526315789,2.57894736842105,2.34210526315789
"TCGA-AR-A1AH",86,35,57,35,2.26315789473684,0.921052631578947,1.5,0.921052631578947
"TCGA-AR-A1AI",59,38,48,38,1.55263157894737,1,1.26315789473684,1
"TCGA-AR-A1AJ",23,16,21,16,0.605263157894737,0.421052631578947,0.552631578947368,0.421052631578947
"TCGA-AR-A1AK",58,32,46,32,1.52631578947368,0.842105263157895,1.21052631578947,0.842105263157895
"TCGA-AR-A1AL",23,11,19,11,0.605263157894737,0.289473684210526,0.5,0.289473684210526
"TCGA-AR-A1AM",25,17,21,17,0.657894736842105,0.447368421052632,0.552631578947368,0.447368421052632
"TCGA-AR-A1AN",18,9,14,9,0.473684210526316,0.236842105263158,0.368421052631579,0.236842105263158
"TCGA-AR-A1AO",7,2,4,2,0.184210526315789,0.0526315789473684,0.105263157894737,0.0526315789473684
"TCGA-AR-A1AP",32,18,30,18,0.842105263157895,0.473684210526316,0.789473684210526,0.473684210526316
"TCGA-AR-A1AQ",43,25,35,25,1.13157894736842,0.657894736842105,0.921052631578947,0.657894736842105
"TCGA-AR-A1AR",52,31,41,31,1.36842105263158,0.815789473684211,1.07894736842105,0.815789473684211
"TCGA-AR-A1AS",38,21,28,21,1,0.552631578947368,0.736842105263158,0.552631578947368
"TCGA-AR-A1AU",19,7,14,7,0.5,0.184210526315789,0.368421052631579,0.184210526315789
"TCGA-AR-A1AW",19,11,16,11,0.5,0.289473684210526,0.421052631578947,0.289473684210526
"TCGA-AR-A1AX",14,9,12,9,0.368421052631579,0.236842105263158,0.315789473684211,0.236842105263158
"TCGA-AR-A1AY",48,32,38,32,1.26315789473684,0.842105263157895,1,0.842105263157895
"TCGA-AR-A24H",122,83,99,83,3.21052631578947,2.18421052631579,2.60526315789474,2.18421052631579
"TCGA-AR-A24K",28,12,22,12,0.736842105263158,0.315789473684211,0.578947368421053,0.315789473684211
"TCGA-AR-A24L",46,25,35,25,1.21052631578947,0.657894736842105,0.921052631578947,0.657894736842105
"TCGA-AR-A24M",21,10,13,10,0.552631578947368,0.263157894736842,0.342105263157895,0.263157894736842
"TCGA-AR-A24N",29,15,23,15,0.763157894736842,0.394736842105263,0.605263157894737,0.394736842105263
"TCGA-AR-A24O",17,10,14,10,0.447368421052632,0.263157894736842,0.368421052631579,0.263157894736842
"TCGA-AR-A24P",21,15,20,15,0.552631578947368,0.394736842105263,0.526315789473684,0.394736842105263
"TCGA-AR-A24Q",141,73,103,73,3.71052631578947,1.92105263157895,2.71052631578947,1.92105263157895
"TCGA-AR-A24R",24,13,19,13,0.631578947368421,0.342105263157895,0.5,0.342105263157895
"TCGA-AR-A24S",41,22,30,22,1.07894736842105,0.578947368421053,0.789473684210526,0.578947368421053
"TCGA-AR-A24T",23,14,19,14,0.605263157894737,0.368421052631579,0.5,0.368421052631579
"TCGA-AR-A24U",20,13,14,13,0.526315789473684,0.342105263157895,0.368421052631579,0.342105263157895
"TCGA-AR-A24V",27,18,19,18,0.710526315789474,0.473684210526316,0.5,0.473684210526316
"TCGA-AR-A24W",6,5,6,5,0.157894736842105,0.131578947368421,0.157894736842105,0.131578947368421
"TCGA-AR-A24X",26,13,17,13,0.684210526315789,0.342105263157895,0.447368421052632,0.342105263157895
"TCGA-AR-A24Z",38,24,32,24,1,0.631578947368421,0.842105263157895,0.631578947368421
"TCGA-AR-A250",67,45,51,45,1.76315789473684,1.18421052631579,1.34210526315789,1.18421052631579
"TCGA-AR-A251",149,91,122,91,3.92105263157895,2.39473684210526,3.21052631578947,2.39473684210526
"TCGA-AR-A252",8,6,7,6,0.210526315789474,0.157894736842105,0.184210526315789,0.157894736842105
"TCGA-AR-A254",29,18,23,18,0.763157894736842,0.473684210526316,0.605263157894737,0.473684210526316
"TCGA-AR-A255",55,38,43,38,1.44736842105263,1,1.13157894736842,1
"TCGA-AR-A256",180,99,139,99,4.73684210526316,2.60526315789474,3.65789473684211,2.60526315789474
"TCGA-AR-A2LE",298,189,219,189,7.84210526315789,4.97368421052632,5.76315789473684,4.97368421052632
"TCGA-AR-A2LJ",12,7,9,7,0.315789473684211,0.184210526315789,0.236842105263158,0.184210526315789
"TCGA-AR-A2LK",38,20,28,20,1,0.526315789473684,0.736842105263158,0.526315789473684
"TCGA-AR-A2LM",14,6,11,6,0.368421052631579,0.157894736842105,0.289473684210526,0.157894736842105
"TCGA-AR-A2LN",38,21,26,21,1,0.552631578947368,0.684210526315789,0.552631578947368
"TCGA-AR-A2LO",11,8,10,8,0.289473684210526,0.210526315789474,0.263157894736842,0.210526315789474
"TCGA-AR-A5QM",25,18,21,18,0.657894736842105,0.473684210526316,0.552631578947368,0.473684210526316
"TCGA-AR-A5QN",34,22,25,22,0.894736842105263,0.578947368421053,0.657894736842105,0.578947368421053
"TCGA-AR-A5QP",25,15,23,15,0.657894736842105,0.394736842105263,0.605263157894737,0.394736842105263
"TCGA-AR-A5QQ",53,35,42,35,1.39473684210526,0.921052631578947,1.10526315789474,0.921052631578947
"TCGA-B6-A0I1",49,20,37,20,1.28947368421053,0.526315789473684,0.973684210526316,0.526315789473684
"TCGA-B6-A0IH",23,15,20,15,0.605263157894737,0.394736842105263,0.526315789473684,0.394736842105263
"TCGA-B6-A0RH",37,19,29,19,0.973684210526316,0.5,0.763157894736842,0.5
"TCGA-B6-A0RQ",15,9,10,9,0.394736842105263,0.236842105263158,0.263157894736842,0.236842105263158
"TCGA-B6-A0WS",22,7,12,7,0.578947368421053,0.184210526315789,0.315789473684211,0.184210526315789
"TCGA-B6-A0X0",21,7,16,7,0.552631578947368,0.184210526315789,0.421052631578947,0.184210526315789
"TCGA-B6-A1KC",24,13,17,13,0.631578947368421,0.342105263157895,0.447368421052632,0.342105263157895
"TCGA-B6-A1KF",52,31,37,31,1.36842105263158,0.815789473684211,0.973684210526316,0.815789473684211
"TCGA-B6-A1KI",18,9,12,9,0.473684210526316,0.236842105263158,0.315789473684211,0.236842105263158
"TCGA-B6-A1KN",55,33,45,33,1.44736842105263,0.868421052631579,1.18421052631579,0.868421052631579
"TCGA-B6-A2IU",41,26,32,26,1.07894736842105,0.684210526315789,0.842105263157895,0.684210526315789
"TCGA-B6-A3ZX",49,21,33,21,1.28947368421053,0.552631578947368,0.868421052631579,0.552631578947368
"TCGA-B6-A400",112,60,90,60,2.94736842105263,1.57894736842105,2.36842105263158,1.57894736842105
"TCGA-B6-A401",23,11,18,11,0.605263157894737,0.289473684210526,0.473684210526316,0.289473684210526
"TCGA-B6-A402",52,28,36,28,1.36842105263158,0.736842105263158,0.947368421052632,0.736842105263158
"TCGA-B6-A408",44,24,29,24,1.15789473684211,0.631578947368421,0.763157894736842,0.631578947368421
"TCGA-B6-A409",33,14,22,14,0.868421052631579,0.368421052631579,0.578947368421053,0.368421052631579
"TCGA-B6-A40B",52,31,39,31,1.36842105263158,0.815789473684211,1.02631578947368,0.815789473684211
"TCGA-B6-A40C",39,19,29,19,1.02631578947368,0.5,0.763157894736842,0.5
"TCGA-BH-A0AU",20,9,14,9,0.526315789473684,0.236842105263158,0.368421052631579,0.236842105263158
"TCGA-BH-A0AV",61,32,47,32,1.60526315789474,0.842105263157895,1.23684210526316,0.842105263157895
"TCGA-BH-A0AZ",57,29,45,29,1.5,0.763157894736842,1.18421052631579,0.763157894736842
"TCGA-BH-A0B0",49,28,35,28,1.28947368421053,0.736842105263158,0.921052631578947,0.736842105263158
"TCGA-BH-A0B5",61,37,49,37,1.60526315789474,0.973684210526316,1.28947368421053,0.973684210526316
"TCGA-BH-A0B7",14,9,11,9,0.368421052631579,0.236842105263158,0.289473684210526,0.236842105263158
"TCGA-BH-A0BF",28,8,18,8,0.736842105263158,0.210526315789474,0.473684210526316,0.210526315789474
"TCGA-BH-A0BG",39,21,29,21,1.02631578947368,0.552631578947368,0.763157894736842,0.552631578947368
"TCGA-BH-A0BL",51,33,44,33,1.34210526315789,0.868421052631579,1.15789473684211,0.868421052631579
"TCGA-BH-A0BO",22,14,19,14,0.578947368421053,0.368421052631579,0.5,0.368421052631579
"TCGA-BH-A0BP",132,78,105,78,3.47368421052632,2.05263157894737,2.76315789473684,2.05263157894737
"TCGA-BH-A0BQ",22,14,16,14,0.578947368421053,0.368421052631579,0.421052631578947,0.368421052631579
"TCGA-BH-A0BR",63,45,54,45,1.65789473684211,1.18421052631579,1.42105263157895,1.18421052631579
"TCGA-BH-A0BS",14,6,9,6,0.368421052631579,0.157894736842105,0.236842105263158,0.157894736842105
"TCGA-BH-A0BT",31,23,27,23,0.815789473684211,0.605263157894737,0.710526315789474,0.605263157894737
"TCGA-BH-A0BW",88,57,69,57,2.31578947368421,1.5,1.81578947368421,1.5
"TCGA-BH-A0BZ",215,133,178,133,5.65789473684211,3.5,4.68421052631579,3.5
"TCGA-BH-A0C1",30,16,22,16,0.789473684210526,0.421052631578947,0.578947368421053,0.421052631578947
"TCGA-BH-A0C3",15,9,11,9,0.394736842105263,0.236842105263158,0.289473684210526,0.236842105263158
"TCGA-BH-A0C7",34,19,25,19,0.894736842105263,0.5,0.657894736842105,0.5
"TCGA-BH-A0DE",28,17,22,17,0.736842105263158,0.447368421052632,0.578947368421053,0.447368421052632
"TCGA-BH-A0DG",25,18,23,18,0.657894736842105,0.473684210526316,0.605263157894737,0.473684210526316
"TCGA-BH-A0DI",29,16,22,16,0.763157894736842,0.421052631578947,0.578947368421053,0.421052631578947
"TCGA-BH-A0DL",41,23,35,23,1.07894736842105,0.605263157894737,0.921052631578947,0.605263157894737
"TCGA-BH-A0DO",19,9,13,9,0.5,0.236842105263158,0.342105263157895,0.236842105263158
"TCGA-BH-A0DT",13,8,11,8,0.342105263157895,0.210526315789474,0.289473684210526,0.210526315789474
"TCGA-BH-A0DV",5,4,4,4,0.131578947368421,0.105263157894737,0.105263157894737,0.105263157894737
"TCGA-BH-A0DX",59,39,51,39,1.55263157894737,1.02631578947368,1.34210526315789,1.02631578947368
"TCGA-BH-A0E2",37,22,31,22,0.973684210526316,0.578947368421053,0.815789473684211,0.578947368421053
"TCGA-BH-A0E9",11,6,9,6,0.289473684210526,0.157894736842105,0.236842105263158,0.157894736842105
"TCGA-BH-A0EA",20,8,17,8,0.526315789473684,0.210526315789474,0.447368421052632,0.210526315789474
"TCGA-BH-A0EI",17,7,14,7,0.447368421052632,0.184210526315789,0.368421052631579,0.184210526315789
"TCGA-BH-A0H3",17,8,14,8,0.447368421052632,0.210526315789474,0.368421052631579,0.210526315789474
"TCGA-BH-A0H5",9,4,6,4,0.236842105263158,0.105263157894737,0.157894736842105,0.105263157894737
"TCGA-BH-A0HA",287,180,230,180,7.55263157894737,4.73684210526316,6.05263157894737,4.73684210526316
"TCGA-BH-A0W7",168,87,117,87,4.42105263157895,2.28947368421053,3.07894736842105,2.28947368421053
"TCGA-BH-A18F",49,28,35,28,1.28947368421053,0.736842105263158,0.921052631578947,0.736842105263158
"TCGA-BH-A18G",1357,773,1055,773,35.7105263157895,20.3421052631579,27.7631578947368,20.3421052631579
"TCGA-BH-A18H",29,18,24,18,0.763157894736842,0.473684210526316,0.631578947368421,0.473684210526316
"TCGA-BH-A18I",22,12,19,12,0.578947368421053,0.315789473684211,0.5,0.315789473684211
"TCGA-BH-A18J",58,36,45,36,1.52631578947368,0.947368421052632,1.18421052631579,0.947368421052632
"TCGA-BH-A18K",42,25,30,25,1.10526315789474,0.657894736842105,0.789473684210526,0.657894736842105
"TCGA-BH-A18L",36,19,26,19,0.947368421052632,0.5,0.684210526315789,0.5
"TCGA-BH-A18M",12,10,11,10,0.315789473684211,0.263157894736842,0.289473684210526,0.263157894736842
"TCGA-BH-A18N",31,15,24,15,0.815789473684211,0.394736842105263,0.631578947368421,0.394736842105263
"TCGA-BH-A18P",302,178,220,178,7.94736842105263,4.68421052631579,5.78947368421053,4.68421052631579
"TCGA-BH-A18Q",78,37,56,37,2.05263157894737,0.973684210526316,1.47368421052632,0.973684210526316
"TCGA-BH-A18S",23,14,17,14,0.605263157894737,0.368421052631579,0.447368421052632,0.368421052631579
"TCGA-BH-A18T",67,36,51,36,1.76315789473684,0.947368421052632,1.34210526315789,0.947368421052632
"TCGA-BH-A18U",92,51,61,51,2.42105263157895,1.34210526315789,1.60526315789474,1.34210526315789
"TCGA-BH-A18V",175,103,133,103,4.60526315789474,2.71052631578947,3.5,2.71052631578947
"TCGA-BH-A1EN",44,14,31,14,1.15789473684211,0.368421052631579,0.815789473684211,0.368421052631579
"TCGA-BH-A1EO",30,21,27,21,0.789473684210526,0.552631578947368,0.710526315789474,0.552631578947368
"TCGA-BH-A1ES",16,10,15,10,0.421052631578947,0.263157894736842,0.394736842105263,0.263157894736842
"TCGA-BH-A1ET",23,12,17,12,0.605263157894737,0.315789473684211,0.447368421052632,0.315789473684211
"TCGA-BH-A1EU",16,8,13,8,0.421052631578947,0.210526315789474,0.342105263157895,0.210526315789474
"TCGA-BH-A1EV",82,51,64,51,2.15789473684211,1.34210526315789,1.68421052631579,1.34210526315789
"TCGA-BH-A1EW",11,7,9,7,0.289473684210526,0.184210526315789,0.236842105263158,0.184210526315789
"TCGA-BH-A1EX",15,12,13,12,0.394736842105263,0.315789473684211,0.342105263157895,0.315789473684211
"TCGA-BH-A1EY",46,20,30,20,1.21052631578947,0.526315789473684,0.789473684210526,0.526315789473684
"TCGA-BH-A1F2",48,27,34,27,1.26315789473684,0.710526315789474,0.894736842105263,0.710526315789474
"TCGA-BH-A1F5",31,20,24,20,0.815789473684211,0.526315789473684,0.631578947368421,0.526315789473684
"TCGA-BH-A1F6",64,33,44,33,1.68421052631579,0.868421052631579,1.15789473684211,0.868421052631579
"TCGA-BH-A1F8",133,85,103,85,3.5,2.23684210526316,2.71052631578947,2.23684210526316
"TCGA-BH-A1FC",70,41,59,41,1.84210526315789,1.07894736842105,1.55263157894737,1.07894736842105
"TCGA-BH-A1FE",11,7,10,7,0.289473684210526,0.184210526315789,0.263157894736842,0.184210526315789
"TCGA-BH-A1FG",18,9,13,9,0.473684210526316,0.236842105263158,0.342105263157895,0.236842105263158
"TCGA-BH-A1FH",4,2,2,2,0.105263157894737,0.0526315789473684,0.0526315789473684,0.0526315789473684
"TCGA-BH-A1FJ",26,14,18,14,0.684210526315789,0.368421052631579,0.473684210526316,0.368421052631579
"TCGA-BH-A1FL",23,14,19,14,0.605263157894737,0.368421052631579,0.5,0.368421052631579
"TCGA-BH-A1FM",35,23,30,23,0.921052631578947,0.605263157894737,0.789473684210526,0.605263157894737
"TCGA-BH-A1FN",109,54,85,54,2.86842105263158,1.42105263157895,2.23684210526316,1.42105263157895
"TCGA-BH-A1FR",13,9,12,9,0.342105263157895,0.236842105263158,0.315789473684211,0.236842105263158
"TCGA-BH-A1FU",27,14,21,14,0.710526315789474,0.368421052631579,0.552631578947368,0.368421052631579
"TCGA-BH-A201",17,9,15,9,0.447368421052632,0.236842105263158,0.394736842105263,0.236842105263158
"TCGA-BH-A202",27,19,23,19,0.710526315789474,0.5,0.605263157894737,0.5
"TCGA-BH-A209",74,47,55,47,1.94736842105263,1.23684210526316,1.44736842105263,1.23684210526316
"TCGA-BH-A28O",19,9,12,9,0.5,0.236842105263158,0.315789473684211,0.236842105263158
"TCGA-BH-A28Q",23,13,16,13,0.605263157894737,0.342105263157895,0.421052631578947,0.342105263157895
"TCGA-BH-A2L8",401,234,289,234,10.5526315789474,6.15789473684211,7.60526315789474,6.15789473684211
"TCGA-BH-A42T",32,17,24,17,0.842105263157895,0.447368421052632,0.631578947368421,0.447368421052632
"TCGA-BH-A42U",12,8,9,8,0.315789473684211,0.210526315789474,0.236842105263158,0.210526315789474
"TCGA-BH-A42V",34,25,30,25,0.894736842105263,0.657894736842105,0.789473684210526,0.657894736842105
"TCGA-BH-A5IZ",77,38,61,38,2.02631578947368,1,1.60526315789474,1
"TCGA-BH-A5J0",58,38,49,38,1.52631578947368,1,1.28947368421053,1
"TCGA-C8-A12L",67,36,56,36,1.76315789473684,0.947368421052632,1.47368421052632,0.947368421052632
"TCGA-C8-A12M",57,34,46,34,1.5,0.894736842105263,1.21052631578947,0.894736842105263
"TCGA-C8-A12N",24,13,16,13,0.631578947368421,0.342105263157895,0.421052631578947,0.342105263157895
"TCGA-C8-A12O",29,18,25,18,0.763157894736842,0.473684210526316,0.657894736842105,0.473684210526316
"TCGA-C8-A12P",148,89,114,89,3.89473684210526,2.34210526315789,3,2.34210526315789
"TCGA-C8-A12Q",97,62,74,62,2.55263157894737,1.63157894736842,1.94736842105263,1.63157894736842
"TCGA-C8-A12T",150,97,121,97,3.94736842105263,2.55263157894737,3.18421052631579,2.55263157894737
"TCGA-C8-A12U",36,23,29,23,0.947368421052632,0.605263157894737,0.763157894736842,0.605263157894737
"TCGA-C8-A12V",13,6,11,6,0.342105263157895,0.157894736842105,0.289473684210526,0.157894736842105
"TCGA-C8-A12W",43,24,34,24,1.13157894736842,0.631578947368421,0.894736842105263,0.631578947368421
"TCGA-C8-A12X",43,23,33,23,1.13157894736842,0.605263157894737,0.868421052631579,0.605263157894737
"TCGA-C8-A12Z",47,30,37,30,1.23684210526316,0.789473684210526,0.973684210526316,0.789473684210526
"TCGA-C8-A130",36,14,23,14,0.947368421052632,0.368421052631579,0.605263157894737,0.368421052631579
"TCGA-C8-A131",52,28,40,28,1.36842105263158,0.736842105263158,1.05263157894737,0.736842105263158
"TCGA-C8-A132",49,30,38,30,1.28947368421053,0.789473684210526,1,0.789473684210526
"TCGA-C8-A133",22,15,17,15,0.578947368421053,0.394736842105263,0.447368421052632,0.394736842105263
"TCGA-C8-A134",93,49,72,49,2.44736842105263,1.28947368421053,1.89473684210526,1.28947368421053
"TCGA-C8-A135",46,30,37,30,1.21052631578947,0.789473684210526,0.973684210526316,0.789473684210526
"TCGA-C8-A137",45,25,36,25,1.18421052631579,0.657894736842105,0.947368421052632,0.657894736842105
"TCGA-C8-A138",44,25,35,25,1.15789473684211,0.657894736842105,0.921052631578947,0.657894736842105
"TCGA-C8-A1HE",40,24,30,24,1.05263157894737,0.631578947368421,0.789473684210526,0.631578947368421
"TCGA-C8-A1HF",28,13,21,13,0.736842105263158,0.342105263157895,0.552631578947368,0.342105263157895
"TCGA-C8-A1HG",41,20,25,20,1.07894736842105,0.526315789473684,0.657894736842105,0.526315789473684
"TCGA-C8-A1HI",34,16,25,16,0.894736842105263,0.421052631578947,0.657894736842105,0.421052631578947
"TCGA-C8-A1HJ",108,58,85,58,2.84210526315789,1.52631578947368,2.23684210526316,1.52631578947368
"TCGA-C8-A1HK",49,30,40,30,1.28947368421053,0.789473684210526,1.05263157894737,0.789473684210526
"TCGA-C8-A1HL",29,16,22,16,0.763157894736842,0.421052631578947,0.578947368421053,0.421052631578947
"TCGA-C8-A1HM",286,173,224,173,7.52631578947368,4.55263157894737,5.89473684210526,4.55263157894737
"TCGA-C8-A1HN",47,28,33,28,1.23684210526316,0.736842105263158,0.868421052631579,0.736842105263158
"TCGA-C8-A1HO",26,13,16,13,0.684210526315789,0.342105263157895,0.421052631578947,0.342105263157895
"TCGA-C8-A26V",74,44,55,44,1.94736842105263,1.15789473684211,1.44736842105263,1.15789473684211
"TCGA-C8-A26W",51,28,38,28,1.34210526315789,0.736842105263158,1,0.736842105263158
"TCGA-C8-A26X",46,30,40,30,1.21052631578947,0.789473684210526,1.05263157894737,0.789473684210526
"TCGA-C8-A26Y",665,409,516,409,17.5,10.7631578947368,13.5789473684211,10.7631578947368
"TCGA-C8-A26Z",39,26,34,26,1.02631578947368,0.684210526315789,0.894736842105263,0.684210526315789
"TCGA-C8-A273",18,10,13,10,0.473684210526316,0.263157894736842,0.342105263157895,0.263157894736842
"TCGA-C8-A274",181,101,133,101,4.76315789473684,2.65789473684211,3.5,2.65789473684211
"TCGA-C8-A278",28,15,24,15,0.736842105263158,0.394736842105263,0.631578947368421,0.394736842105263
"TCGA-C8-A27A",24,14,18,14,0.631578947368421,0.368421052631579,0.473684210526316,0.368421052631579
"TCGA-C8-A27B",134,88,108,88,3.52631578947368,2.31578947368421,2.84210526315789,2.31578947368421
"TCGA-C8-A3M7",148,93,110,93,3.89473684210526,2.44736842105263,2.89473684210526,2.44736842105263
"TCGA-C8-A3M8",47,30,40,30,1.23684210526316,0.789473684210526,1.05263157894737,0.789473684210526
"TCGA-D8-A13Y",66,38,49,38,1.73684210526316,1,1.28947368421053,1
"TCGA-D8-A13Z",62,36,54,36,1.63157894736842,0.947368421052632,1.42105263157895,0.947368421052632
"TCGA-D8-A140",88,50,68,50,2.31578947368421,1.31578947368421,1.78947368421053,1.31578947368421
"TCGA-D8-A141",16,12,13,12,0.421052631578947,0.315789473684211,0.342105263157895,0.315789473684211
"TCGA-D8-A142",60,28,41,28,1.57894736842105,0.736842105263158,1.07894736842105,0.736842105263158
"TCGA-D8-A143",42,26,36,26,1.10526315789474,0.684210526315789,0.947368421052632,0.684210526315789
"TCGA-D8-A145",26,15,19,15,0.684210526315789,0.394736842105263,0.5,0.394736842105263
"TCGA-D8-A147",115,68,90,68,3.02631578947368,1.78947368421053,2.36842105263158,1.78947368421053
"TCGA-D8-A1J8",717,430,546,430,18.8684210526316,11.3157894736842,14.3684210526316,11.3157894736842
"TCGA-D8-A1J9",160,99,118,99,4.21052631578947,2.60526315789474,3.10526315789474,2.60526315789474
"TCGA-D8-A1JA",899,563,681,563,23.6578947368421,14.8157894736842,17.9210526315789,14.8157894736842
"TCGA-D8-A1JB",23,15,19,15,0.605263157894737,0.394736842105263,0.5,0.394736842105263
"TCGA-D8-A1JC",77,41,57,41,2.02631578947368,1.07894736842105,1.5,1.07894736842105
"TCGA-D8-A1JD",78,42,65,42,2.05263157894737,1.10526315789474,1.71052631578947,1.10526315789474
"TCGA-D8-A1JE",32,19,27,19,0.842105263157895,0.5,0.710526315789474,0.5
"TCGA-D8-A1JF",42,20,35,20,1.10526315789474,0.526315789473684,0.921052631578947,0.526315789473684
"TCGA-D8-A1JG",107,57,84,57,2.81578947368421,1.5,2.21052631578947,1.5
"TCGA-D8-A1JH",19,12,15,12,0.5,0.315789473684211,0.394736842105263,0.315789473684211
"TCGA-D8-A1JI",34,17,23,17,0.894736842105263,0.447368421052632,0.605263157894737,0.447368421052632
"TCGA-D8-A1JJ",67,33,46,33,1.76315789473684,0.868421052631579,1.21052631578947,0.868421052631579
"TCGA-D8-A1JK",172,89,129,89,4.52631578947368,2.34210526315789,3.39473684210526,2.34210526315789
"TCGA-D8-A1JL",101,52,73,52,2.65789473684211,1.36842105263158,1.92105263157895,1.36842105263158
"TCGA-D8-A1JN",158,83,107,83,4.15789473684211,2.18421052631579,2.81578947368421,2.18421052631579
"TCGA-D8-A1JP",101,48,81,48,2.65789473684211,1.26315789473684,2.13157894736842,1.26315789473684
"TCGA-D8-A1JS",21,8,14,8,0.552631578947368,0.210526315789474,0.368421052631579,0.210526315789474
"TCGA-D8-A1JT",33,16,25,16,0.868421052631579,0.421052631578947,0.657894736842105,0.421052631578947
"TCGA-D8-A1JU",13,5,7,5,0.342105263157895,0.131578947368421,0.184210526315789,0.131578947368421
"TCGA-D8-A1X5",48,25,31,25,1.26315789473684,0.657894736842105,0.815789473684211,0.657894736842105
"TCGA-D8-A1X6",38,27,34,27,1,0.710526315789474,0.894736842105263,0.710526315789474
"TCGA-D8-A1X7",24,16,21,16,0.631578947368421,0.421052631578947,0.552631578947368,0.421052631578947
"TCGA-D8-A1X9",83,49,65,49,2.18421052631579,1.28947368421053,1.71052631578947,1.28947368421053
"TCGA-D8-A1XA",26,17,22,17,0.684210526315789,0.447368421052632,0.578947368421053,0.447368421052632
"TCGA-D8-A1XB",30,18,23,18,0.789473684210526,0.473684210526316,0.605263157894737,0.473684210526316
"TCGA-D8-A1XC",30,16,23,16,0.789473684210526,0.421052631578947,0.605263157894737,0.421052631578947
"TCGA-D8-A1XF",38,25,28,25,1,0.657894736842105,0.736842105263158,0.657894736842105
"TCGA-D8-A1XG",27,15,20,15,0.710526315789474,0.394736842105263,0.526315789473684,0.394736842105263
"TCGA-D8-A1XJ",78,48,60,48,2.05263157894737,1.26315789473684,1.57894736842105,1.26315789473684
"TCGA-D8-A1XK",925,479,718,479,24.3421052631579,12.6052631578947,18.8947368421053,12.6052631578947
"TCGA-D8-A1XL",91,47,81,47,2.39473684210526,1.23684210526316,2.13157894736842,1.23684210526316
"TCGA-D8-A1XM",53,25,39,25,1.39473684210526,0.657894736842105,1.02631578947368,0.657894736842105
"TCGA-D8-A1XO",17,10,11,10,0.447368421052632,0.263157894736842,0.289473684210526,0.263157894736842
"TCGA-D8-A1XQ",716,408,559,408,18.8421052631579,10.7368421052632,14.7105263157895,10.7368421052632
"TCGA-D8-A1XR",26,14,21,14,0.684210526315789,0.368421052631579,0.552631578947368,0.368421052631579
"TCGA-D8-A1XT",44,26,34,26,1.15789473684211,0.684210526315789,0.894736842105263,0.684210526315789
"TCGA-D8-A1XU",26,11,15,11,0.684210526315789,0.289473684210526,0.394736842105263,0.289473684210526
"TCGA-D8-A1XV",27,15,20,15,0.710526315789474,0.394736842105263,0.526315789473684,0.394736842105263
"TCGA-D8-A1XW",84,48,66,48,2.21052631578947,1.26315789473684,1.73684210526316,1.26315789473684
"TCGA-D8-A1XY",39,23,27,23,1.02631578947368,0.605263157894737,0.710526315789474,0.605263157894737
"TCGA-D8-A1XZ",60,35,49,35,1.57894736842105,0.921052631578947,1.28947368421053,0.921052631578947
"TCGA-D8-A1Y0",60,32,45,32,1.57894736842105,0.842105263157895,1.18421052631579,0.842105263157895
"TCGA-D8-A1Y1",213,141,166,141,5.60526315789474,3.71052631578947,4.36842105263158,3.71052631578947
"TCGA-D8-A1Y2",21,12,17,12,0.552631578947368,0.315789473684211,0.447368421052632,0.315789473684211
"TCGA-D8-A1Y3",53,31,40,31,1.39473684210526,0.815789473684211,1.05263157894737,0.815789473684211
"TCGA-D8-A27E",8,7,8,7,0.210526315789474,0.184210526315789,0.210526315789474,0.184210526315789
"TCGA-D8-A27F",52,29,40,29,1.36842105263158,0.763157894736842,1.05263157894737,0.763157894736842
"TCGA-D8-A27G",913,569,717,569,24.0263157894737,14.9736842105263,18.8684210526316,14.9736842105263
"TCGA-D8-A27H",106,61,87,61,2.78947368421053,1.60526315789474,2.28947368421053,1.60526315789474
"TCGA-D8-A27I",33,20,27,20,0.868421052631579,0.526315789473684,0.710526315789474,0.526315789473684
"TCGA-D8-A27K",23,14,19,14,0.605263157894737,0.368421052631579,0.5,0.368421052631579
"TCGA-D8-A27L",34,20,27,20,0.894736842105263,0.526315789473684,0.710526315789474,0.526315789473684
"TCGA-D8-A27M",55,28,44,28,1.44736842105263,0.736842105263158,1.15789473684211,0.736842105263158
"TCGA-D8-A27N",44,26,37,26,1.15789473684211,0.684210526315789,0.973684210526316,0.684210526315789
"TCGA-D8-A27P",23,6,16,6,0.605263157894737,0.157894736842105,0.421052631578947,0.157894736842105
"TCGA-D8-A27R",25,15,21,15,0.657894736842105,0.394736842105263,0.552631578947368,0.394736842105263
"TCGA-D8-A27T",22,12,18,12,0.578947368421053,0.315789473684211,0.473684210526316,0.315789473684211
"TCGA-D8-A27V",208,120,157,120,5.47368421052632,3.15789473684211,4.13157894736842,3.15789473684211
"TCGA-D8-A27W",20,12,18,12,0.526315789473684,0.315789473684211,0.473684210526316,0.315789473684211
"TCGA-D8-A3Z5",23,13,13,13,0.605263157894737,0.342105263157895,0.342105263157895,0.342105263157895
"TCGA-D8-A3Z6",31,17,23,17,0.815789473684211,0.447368421052632,0.605263157894737,0.447368421052632
"TCGA-D8-A4Z1",15,8,9,8,0.394736842105263,0.210526315789474,0.236842105263158,0.210526315789474
"TCGA-E2-A10A",21,13,16,13,0.552631578947368,0.342105263157895,0.421052631578947,0.342105263157895
"TCGA-E2-A14N",54,24,41,24,1.42105263157895,0.631578947368421,1.07894736842105,0.631578947368421
"TCGA-E2-A14O",35,27,31,27,0.921052631578947,0.710526315789474,0.815789473684211,0.710526315789474
"TCGA-E2-A14P",75,39,52,39,1.97368421052632,1.02631578947368,1.36842105263158,1.02631578947368
"TCGA-E2-A14Q",22,14,16,14,0.578947368421053,0.368421052631579,0.421052631578947,0.368421052631579
"TCGA-E2-A14R",108,63,90,63,2.84210526315789,1.65789473684211,2.36842105263158,1.65789473684211
"TCGA-E2-A14S",33,19,24,19,0.868421052631579,0.5,0.631578947368421,0.5
"TCGA-E2-A14T",32,20,26,20,0.842105263157895,0.526315789473684,0.684210526315789,0.526315789473684
"TCGA-E2-A14V",68,46,55,46,1.78947368421053,1.21052631578947,1.44736842105263,1.21052631578947
"TCGA-E2-A14X",24,14,16,14,0.631578947368421,0.368421052631579,0.421052631578947,0.368421052631579
"TCGA-E2-A14Y",34,19,25,19,0.894736842105263,0.5,0.657894736842105,0.5
"TCGA-E2-A14Z",58,30,41,30,1.52631578947368,0.789473684210526,1.07894736842105,0.789473684210526
"TCGA-E2-A150",45,27,36,27,1.18421052631579,0.710526315789474,0.947368421052632,0.710526315789474
"TCGA-E2-A152",116,79,91,79,3.05263157894737,2.07894736842105,2.39473684210526,2.07894736842105
"TCGA-E2-A153",22,10,17,10,0.578947368421053,0.263157894736842,0.447368421052632,0.263157894736842
"TCGA-E2-A154",40,21,31,21,1.05263157894737,0.552631578947368,0.815789473684211,0.552631578947368
"TCGA-E2-A155",53,26,39,26,1.39473684210526,0.684210526315789,1.02631578947368,0.684210526315789
"TCGA-E2-A156",15,13,15,13,0.394736842105263,0.342105263157895,0.394736842105263,0.342105263157895
"TCGA-E2-A158",81,51,72,51,2.13157894736842,1.34210526315789,1.89473684210526,1.34210526315789
"TCGA-E2-A159",141,80,110,80,3.71052631578947,2.10526315789474,2.89473684210526,2.10526315789474
"TCGA-E2-A15A",38,28,36,28,1,0.736842105263158,0.947368421052632,0.736842105263158
"TCGA-E2-A15C",28,16,21,16,0.736842105263158,0.421052631578947,0.552631578947368,0.421052631578947
"TCGA-E2-A15D",28,15,24,15,0.736842105263158,0.394736842105263,0.631578947368421,0.394736842105263
"TCGA-E2-A15E",27,16,22,16,0.710526315789474,0.421052631578947,0.578947368421053,0.421052631578947
"TCGA-E2-A15F",21,16,19,16,0.552631578947368,0.421052631578947,0.5,0.421052631578947
"TCGA-E2-A15G",57,27,39,27,1.5,0.710526315789474,1.02631578947368,0.710526315789474
"TCGA-E2-A15H",28,18,25,18,0.736842105263158,0.473684210526316,0.657894736842105,0.473684210526316
"TCGA-E2-A15I",149,95,114,95,3.92105263157895,2.5,3,2.5
"TCGA-E2-A15J",23,12,18,12,0.605263157894737,0.315789473684211,0.473684210526316,0.315789473684211
"TCGA-E2-A15K",40,23,32,23,1.05263157894737,0.605263157894737,0.842105263157895,0.605263157894737
"TCGA-E2-A15L",30,21,28,21,0.789473684210526,0.552631578947368,0.736842105263158,0.552631578947368
"TCGA-E2-A15M",65,32,47,32,1.71052631578947,0.842105263157895,1.23684210526316,0.842105263157895
"TCGA-E2-A15O",33,17,25,17,0.868421052631579,0.447368421052632,0.657894736842105,0.447368421052632
"TCGA-E2-A15P",44,35,39,35,1.15789473684211,0.921052631578947,1.02631578947368,0.921052631578947
"TCGA-E2-A15R",41,29,31,29,1.07894736842105,0.763157894736842,0.815789473684211,0.763157894736842
"TCGA-E2-A15S",43,24,32,24,1.13157894736842,0.631578947368421,0.842105263157895,0.631578947368421
"TCGA-E2-A15T",44,23,33,23,1.15789473684211,0.605263157894737,0.868421052631579,0.605263157894737
"TCGA-E2-A1AZ",51,25,36,25,1.34210526315789,0.657894736842105,0.947368421052632,0.657894736842105
"TCGA-E2-A1B0",39,17,27,17,1.02631578947368,0.447368421052632,0.710526315789474,0.447368421052632
"TCGA-E2-A1B1",13,6,9,6,0.342105263157895,0.157894736842105,0.236842105263158,0.157894736842105
"TCGA-E2-A1B4",32,22,28,22,0.842105263157895,0.578947368421053,0.736842105263158,0.578947368421053
"TCGA-E2-A1B5",15,10,12,10,0.394736842105263,0.263157894736842,0.315789473684211,0.263157894736842
"TCGA-E2-A1B6",10,4,8,4,0.263157894736842,0.105263157894737,0.210526315789474,0.105263157894737
"TCGA-E2-A1BC",31,14,23,14,0.815789473684211,0.368421052631579,0.605263157894737,0.368421052631579
"TCGA-E2-A1BD",29,14,24,14,0.763157894736842,0.368421052631579,0.631578947368421,0.368421052631579
"TCGA-E2-A1IE",18,10,15,10,0.473684210526316,0.263157894736842,0.394736842105263,0.263157894736842
"TCGA-E2-A1IF",17,12,16,12,0.447368421052632,0.315789473684211,0.421052631578947,0.315789473684211
"TCGA-E2-A1IG",40,23,31,23,1.05263157894737,0.605263157894737,0.815789473684211,0.605263157894737
"TCGA-E2-A1IH",61,38,51,38,1.60526315789474,1,1.34210526315789,1
"TCGA-E2-A1II",26,15,20,15,0.684210526315789,0.394736842105263,0.526315789473684,0.394736842105263
"TCGA-E2-A1IJ",19,11,15,11,0.5,0.289473684210526,0.394736842105263,0.289473684210526
"TCGA-E2-A1IL",20,10,16,10,0.526315789473684,0.263157894736842,0.421052631578947,0.263157894736842
"TCGA-E2-A1IN",186,108,134,108,4.89473684210526,2.84210526315789,3.52631578947368,2.84210526315789
"TCGA-E2-A1IO",13,9,12,9,0.342105263157895,0.236842105263158,0.315789473684211,0.236842105263158
"TCGA-E2-A1IU",20,13,15,13,0.526315789473684,0.342105263157895,0.394736842105263,0.342105263157895
"TCGA-E2-A1L6",17,9,13,9,0.447368421052632,0.236842105263158,0.342105263157895,0.236842105263158
"TCGA-E2-A1L7",64,36,55,36,1.68421052631579,0.947368421052632,1.44736842105263,0.947368421052632
"TCGA-E2-A1L8",28,16,22,16,0.736842105263158,0.421052631578947,0.578947368421053,0.421052631578947
"TCGA-E2-A1L9",22,14,18,14,0.578947368421053,0.368421052631579,0.473684210526316,0.368421052631579
"TCGA-E2-A1LA",81,46,60,46,2.13157894736842,1.21052631578947,1.57894736842105,1.21052631578947
"TCGA-E2-A1LB",37,26,30,26,0.973684210526316,0.684210526315789,0.789473684210526,0.684210526315789
"TCGA-E2-A1LE",66,37,52,37,1.73684210526316,0.973684210526316,1.36842105263158,0.973684210526316
"TCGA-E2-A1LG",120,72,89,72,3.15789473684211,1.89473684210526,2.34210526315789,1.89473684210526
"TCGA-E2-A1LH",146,82,118,82,3.84210526315789,2.15789473684211,3.10526315789474,2.15789473684211
"TCGA-E2-A1LI",13,8,10,8,0.342105263157895,0.210526315789474,0.263157894736842,0.210526315789474
"TCGA-E2-A1LK",42,22,28,22,1.10526315789474,0.578947368421053,0.736842105263158,0.578947368421053
"TCGA-E2-A1LL",22,9,17,9,0.578947368421053,0.236842105263158,0.447368421052632,0.236842105263158
"TCGA-E2-A2P5",87,45,66,45,2.28947368421053,1.18421052631579,1.73684210526316,1.18421052631579
"TCGA-E2-A2P6",141,74,96,74,3.71052631578947,1.94736842105263,2.52631578947368,1.94736842105263
"TCGA-E2-A3DX",17,7,9,7,0.447368421052632,0.184210526315789,0.236842105263158,0.184210526315789
"TCGA-E2-A56Z",48,31,41,31,1.26315789473684,0.815789473684211,1.07894736842105,0.815789473684211
"TCGA-E2-A570",28,18,22,18,0.736842105263158,0.473684210526316,0.578947368421053,0.473684210526316
"TCGA-E2-A573",50,31,39,31,1.31578947368421,0.815789473684211,1.02631578947368,0.815789473684211
"TCGA-E2-A574",101,56,71,56,2.65789473684211,1.47368421052632,1.86842105263158,1.47368421052632
"TCGA-E9-A1N4",23,16,17,16,0.605263157894737,0.421052631578947,0.447368421052632,0.421052631578947
"TCGA-E9-A1N5",28,14,22,14,0.736842105263158,0.368421052631579,0.578947368421053,0.368421052631579
"TCGA-E9-A1N9",50,32,41,32,1.31578947368421,0.842105263157895,1.07894736842105,0.842105263157895
"TCGA-E9-A1NA",89,61,72,61,2.34210526315789,1.60526315789474,1.89473684210526,1.60526315789474
"TCGA-E9-A1ND",65,38,52,38,1.71052631578947,1,1.36842105263158,1
"TCGA-E9-A1NE",32,20,29,20,0.842105263157895,0.526315789473684,0.763157894736842,0.526315789473684
"TCGA-E9-A1NF",44,29,36,29,1.15789473684211,0.763157894736842,0.947368421052632,0.763157894736842
"TCGA-E9-A1NG",17,10,14,10,0.447368421052632,0.263157894736842,0.368421052631579,0.263157894736842
"TCGA-E9-A1NH",24,11,17,11,0.631578947368421,0.289473684210526,0.447368421052632,0.289473684210526
"TCGA-E9-A1NI",130,119,126,119,3.42105263157895,3.13157894736842,3.31578947368421,3.13157894736842
"TCGA-E9-A1R2",53,32,44,32,1.39473684210526,0.842105263157895,1.15789473684211,0.842105263157895
"TCGA-E9-A227",14,10,12,10,0.368421052631579,0.263157894736842,0.315789473684211,0.263157894736842
"TCGA-E9-A22A",30,22,24,22,0.789473684210526,0.578947368421053,0.631578947368421,0.578947368421053
"TCGA-E9-A22B",52,27,39,27,1.36842105263158,0.710526315789474,1.02631578947368,0.710526315789474
"TCGA-E9-A22D",18,9,12,9,0.473684210526316,0.236842105263158,0.315789473684211,0.236842105263158
"TCGA-E9-A22E",80,46,64,46,2.10526315789474,1.21052631578947,1.68421052631579,1.21052631578947
"TCGA-E9-A22G",96,59,73,59,2.52631578947368,1.55263157894737,1.92105263157895,1.55263157894737
"TCGA-E9-A22H",20,17,18,17,0.526315789473684,0.447368421052632,0.473684210526316,0.447368421052632
"TCGA-E9-A295",68,42,55,42,1.78947368421053,1.10526315789474,1.44736842105263,1.10526315789474
"TCGA-E9-A3Q9",41,26,34,26,1.07894736842105,0.684210526315789,0.894736842105263,0.684210526315789
"TCGA-E9-A3X8",18,9,13,9,0.473684210526316,0.236842105263158,0.342105263157895,0.236842105263158
"TCGA-E9-A54X",29,19,23,19,0.763157894736842,0.5,0.605263157894737,0.5
"TCGA-E9-A54Y",41,20,30,20,1.07894736842105,0.526315789473684,0.789473684210526,0.526315789473684
"TCGA-E9-A5FK",17,10,14,10,0.447368421052632,0.263157894736842,0.368421052631579,0.263157894736842
"TCGA-E9-A5FL",80,48,68,48,2.10526315789474,1.26315789473684,1.78947368421053,1.26315789473684
"TCGA-EW-A1IW",78,37,55,37,2.05263157894737,0.973684210526316,1.44736842105263,0.973684210526316
"TCGA-EW-A1IX",19,14,17,14,0.5,0.368421052631579,0.447368421052632,0.368421052631579
"TCGA-EW-A1IY",25,16,18,16,0.657894736842105,0.421052631578947,0.473684210526316,0.421052631578947
"TCGA-EW-A1IZ",312,153,229,153,8.21052631578947,4.02631578947368,6.02631578947368,4.02631578947368
"TCGA-EW-A1J1",21,10,12,10,0.552631578947368,0.263157894736842,0.315789473684211,0.263157894736842
"TCGA-EW-A1J2",29,18,23,18,0.763157894736842,0.473684210526316,0.605263157894737,0.473684210526316
"TCGA-EW-A1J3",27,12,22,12,0.710526315789474,0.315789473684211,0.578947368421053,0.315789473684211
"TCGA-EW-A1J5",398,226,294,226,10.4736842105263,5.94736842105263,7.73684210526316,5.94736842105263
"TCGA-EW-A1J6",42,21,29,21,1.10526315789474,0.552631578947368,0.763157894736842,0.552631578947368
"TCGA-EW-A1OV",88,56,67,56,2.31578947368421,1.47368421052632,1.76315789473684,1.47368421052632
"TCGA-EW-A1OX",21,13,14,13,0.552631578947368,0.342105263157895,0.368421052631579,0.342105263157895
"TCGA-EW-A1OY",62,33,50,33,1.63157894736842,0.868421052631579,1.31578947368421,0.868421052631579
"TCGA-EW-A1OZ",50,25,40,25,1.31578947368421,0.657894736842105,1.05263157894737,0.657894736842105
"TCGA-EW-A1P0",27,14,21,14,0.710526315789474,0.368421052631579,0.552631578947368,0.368421052631579
"TCGA-EW-A1P1",2,0,1,0,0.0526315789473684,0,0.0263157894736842,0
"TCGA-EW-A1P3",15,10,13,10,0.394736842105263,0.263157894736842,0.342105263157895,0.263157894736842
"TCGA-EW-A1P4",57,31,44,31,1.5,0.815789473684211,1.15789473684211,0.815789473684211
"TCGA-EW-A1P5",18,11,14,11,0.473684210526316,0.289473684210526,0.368421052631579,0.289473684210526
"TCGA-EW-A1P6",20,11,18,11,0.526315789473684,0.289473684210526,0.473684210526316,0.289473684210526
"TCGA-EW-A1P7",8,4,6,4,0.210526315789474,0.105263157894737,0.157894736842105,0.105263157894737
"TCGA-EW-A1P8",41,20,30,20,1.07894736842105,0.526315789473684,0.789473684210526,0.526315789473684
"TCGA-EW-A1PA",34,18,25,18,0.894736842105263,0.473684210526316,0.657894736842105,0.473684210526316
"TCGA-EW-A1PB",130,80,100,80,3.42105263157895,2.10526315789474,2.63157894736842,2.10526315789474
"TCGA-EW-A1PC",123,66,93,66,3.23684210526316,1.73684210526316,2.44736842105263,1.73684210526316
"TCGA-EW-A1PE",29,17,23,17,0.763157894736842,0.447368421052632,0.605263157894737,0.447368421052632
"TCGA-EW-A1PG",7,4,6,4,0.184210526315789,0.105263157894737,0.157894736842105,0.105263157894737
"TCGA-EW-A1PH",40,26,33,26,1.05263157894737,0.684210526315789,0.868421052631579,0.684210526315789
"TCGA-EW-A2FR",46,28,40,28,1.21052631578947,0.736842105263158,1.05263157894737,0.736842105263158
"TCGA-EW-A2FS",29,14,19,14,0.763157894736842,0.368421052631579,0.5,0.368421052631579
"TCGA-EW-A2FV",20,14,17,14,0.526315789473684,0.368421052631579,0.447368421052632,0.368421052631579
"TCGA-EW-A2FW",20,16,18,16,0.526315789473684,0.421052631578947,0.473684210526316,0.421052631578947
"TCGA-EW-A3E8",85,47,66,47,2.23684210526316,1.23684210526316,1.73684210526316,1.23684210526316
"TCGA-EW-A3U0",126,67,96,67,3.31578947368421,1.76315789473684,2.52631578947368,1.76315789473684
"TCGA-EW-A423",61,27,39,27,1.60526315789474,0.710526315789474,1.02631578947368,0.710526315789474
"TCGA-GI-A2C8",106,65,82,65,2.78947368421053,1.71052631578947,2.15789473684211,1.71052631578947
"TCGA-GI-A2C9",128,64,99,64,3.36842105263158,1.68421052631579,2.60526315789474,1.68421052631579
"TCGA-GM-A2D9",378,226,278,226,9.94736842105263,5.94736842105263,7.31578947368421,5.94736842105263
"TCGA-GM-A2DA",31,15,21,15,0.815789473684211,0.394736842105263,0.552631578947368,0.394736842105263
"TCGA-GM-A2DB",91,63,81,63,2.39473684210526,1.65789473684211,2.13157894736842,1.65789473684211
"TCGA-GM-A2DC",19,11,14,11,0.5,0.289473684210526,0.368421052631579,0.289473684210526
"TCGA-GM-A2DD",44,25,36,25,1.15789473684211,0.657894736842105,0.947368421052632,0.657894736842105
"TCGA-GM-A2DF",30,15,22,15,0.789473684210526,0.394736842105263,0.578947368421053,0.394736842105263
"TCGA-GM-A2DH",113,68,92,68,2.97368421052632,1.78947368421053,2.42105263157895,1.78947368421053
"TCGA-GM-A2DI",27,15,20,15,0.710526315789474,0.394736842105263,0.526315789473684,0.394736842105263
"TCGA-GM-A2DK",22,11,14,11,0.578947368421053,0.289473684210526,0.368421052631579,0.289473684210526
"TCGA-GM-A2DL",42,30,37,30,1.10526315789474,0.789473684210526,0.973684210526316,0.789473684210526
"TCGA-GM-A2DM",19,12,18,12,0.5,0.315789473684211,0.473684210526316,0.315789473684211
"TCGA-GM-A2DN",20,13,17,13,0.526315789473684,0.342105263157895,0.447368421052632,0.342105263157895
"TCGA-GM-A2DO",93,47,65,47,2.44736842105263,1.23684210526316,1.71052631578947,1.23684210526316
"TCGA-GM-A3NW",81,47,60,47,2.13157894736842,1.23684210526316,1.57894736842105,1.23684210526316
"TCGA-GM-A3NY",62,37,49,37,1.63157894736842,0.973684210526316,1.28947368421053,0.973684210526316
"TCGA-GM-A3XG",6,4,5,4,0.157894736842105,0.105263157894737,0.131578947368421,0.105263157894737
"TCGA-GM-A3XL",81,51,67,51,2.13157894736842,1.34210526315789,1.76315789473684,1.34210526315789
"TCGA-GM-A3XN",20,12,15,12,0.526315789473684,0.315789473684211,0.394736842105263,0.315789473684211
"TCGA-GM-A4E0",23,8,16,8,0.605263157894737,0.210526315789474,0.421052631578947,0.210526315789474
"TCGA-GM-A5PV",21,12,16,12,0.552631578947368,0.315789473684211,0.421052631578947,0.315789473684211
"TCGA-GM-A5PX",29,17,21,17,0.763157894736842,0.447368421052632,0.552631578947368,0.447368421052632
"TCGA-HN-A2NL",68,40,55,40,1.78947368421053,1.05263157894737,1.44736842105263,1.05263157894737
"TCGA-HN-A2OB",10,6,9,6,0.263157894736842,0.157894736842105,0.236842105263158,0.157894736842105
"TCGA-JL-A3YW",83,49,66,49,2.18421052631579,1.28947368421053,1.73684210526316,1.28947368421053
"TCGA-JL-A3YX",33,23,27,23,0.868421052631579,0.605263157894737,0.710526315789474,0.605263157894737
"TCGA-LL-A440",10,3,6,3,0.263157894736842,0.0789473684210526,0.157894736842105,0.0789473684210526
"TCGA-LL-A441",64,33,43,33,1.68421052631579,0.868421052631579,1.13157894736842,0.868421052631579
"TCGA-LL-A50Y",37,19,25,19,0.973684210526316,0.5,0.657894736842105,0.5
"TCGA-LL-A5YL",70,41,52,41,1.84210526315789,1.07894736842105,1.36842105263158,1.07894736842105
"TCGA-LL-A5YM",26,14,19,14,0.684210526315789,0.368421052631579,0.5,0.368421052631579
"TCGA-LL-A5YN",25,15,23,15,0.657894736842105,0.394736842105263,0.605263157894737,0.394736842105263
"TCGA-LL-A5YO",35,18,28,18,0.921052631578947,0.473684210526316,0.736842105263158,0.473684210526316
"TCGA-LL-A5YP",76,43,61,43,2,1.13157894736842,1.60526315789474,1.13157894736842
"TCGA-LQ-A4E4",81,48,62,48,2.13157894736842,1.26315789473684,1.63157894736842,1.26315789473684
"TCGA-MS-A51U",15,11,11,11,0.394736842105263,0.289473684210526,0.289473684210526,0.289473684210526
"TCGA-OK-A5Q2",27,15,22,15,0.710526315789474,0.394736842105263,0.578947368421053,0.394736842105263
"TCGA-OL-A5D6",38,21,30,21,1,0.552631578947368,0.789473684210526,0.552631578947368
"TCGA-OL-A5D7",50,29,38,29,1.31578947368421,0.763157894736842,1,0.763157894736842
"TCGA-OL-A5D8",32,16,24,16,0.842105263157895,0.421052631578947,0.631578947368421,0.421052631578947
"TCGA-OL-A5DA",59,35,42,35,1.55263157894737,0.921052631578947,1.10526315789474,0.921052631578947
"TCGA-OL-A5RU",26,19,23,19,0.684210526315789,0.5,0.605263157894737,0.5
"TCGA-OL-A5RV",14,9,12,9,0.368421052631579,0.236842105263158,0.315789473684211,0.236842105263158
"TCGA-OL-A5RW",149,92,120,92,3.92105263157895,2.42105263157895,3.15789473684211,2.42105263157895
"TCGA-OL-A5RX",26,17,20,17,0.684210526315789,0.447368421052632,0.526315789473684,0.447368421052632
"TCGA-OL-A5RY",10,5,8,5,0.263157894736842,0.131578947368421,0.210526315789474,0.131578947368421
"TCGA-OL-A5RZ",107,58,78,58,2.81578947368421,1.52631578947368,2.05263157894737,1.52631578947368
"TCGA-OL-A5S0",37,27,31,27,0.973684210526316,0.710526315789474,0.815789473684211,0.710526315789474
"TCGA-OL-A66I",34,17,24,17,0.894736842105263,0.447368421052632,0.631578947368421,0.447368421052632
"TCGA-OL-A66J",53,30,44,30,1.39473684210526,0.789473684210526,1.15789473684211,0.789473684210526
"TCGA-OL-A66K",29,13,20,13,0.763157894736842,0.342105263157895,0.526315789473684,0.342105263157895
"TCGA-PE-A5DC",107,46,79,46,2.81578947368421,1.21052631578947,2.07894736842105,1.21052631578947
"TCGA-PE-A5DD",56,33,42,33,1.47368421052632,0.868421052631579,1.10526315789474,0.868421052631579
"TCGA-PE-A5DE",375,221,270,221,9.86842105263158,5.81578947368421,7.10526315789474,5.81578947368421
